Driver Id,Driver Tag,Join Date,Vehicle Year,Avg Rating,Is Active
DR032,DR032_David+Navarro,12/8/2022,2019,4.6,TRUE
DR013,DR013_Raúl+López?,9/16/2022,2023,3.8,TRUE
DR008,DR008_Elena+Gil?,9/28/2021,2018,4.6,TRUE
DR045,DR045_Pilar+Pérez,10/20/2021,2021,4.5,TRUE
DR037,DR037_Miguel+Domínguez,8/14/2022,2021,3.9,TRUE
DR041,DR041_Alejandro+González,3/9/2022,2019,3.9,TRUE
DR006,DR006_Beatriz+Fernández?,12/16/2022,2021,4.0,TRUE
DR036,DR036_María+Moreno,3/14/2021,2022,3.9,TRUE
DR031,DR031_Lucía+Navarro,6/19/2021,2020,4.3,TRUE
DR025,DR025_Alejandro+García,9/27/2021,2022,4.6,TRUE
DR003,DR003_Sofía+Martínez?,1/31/2021,2018,3.8,TRUE
DR034,DR034_Javier+Moreno,1/22/2021,2022,4.3,TRUE
DR012,DR012_Alejandro+Jiménez?,6/16/2021,2020,4.0,TRUE
DR002,DR002_Nuria+Sánchez?,11/24/2022,2023,4.8,FALSE
DR015,DR015_Patricia+Torres?,12/3/2022,2020,4.8,TRUE
DR039,DR039_Sofía+Pérez,2/25/2021,2023,4.5,TRUE
DR046,DR046_Beatriz+Navarro,11/9/2022,2023,4.2,TRUE
DR004,DR004_Carlos+Navarro?,7/23/2021,2023,4.5,TRUE
DR028,DR028_Lucía+García,4/25/2021,2020,4.8,TRUE
DR048,DR048_María+Martínez,8/22/2022,2021,4.3,TRUE
DR049,DR049_Ana+Ruiz,5/17/2022,2021,4.1,TRUE
DR050,DR050_Daniel+Gómez,10/11/2021,2020,4.4,TRUE
DR051,DR051_Elena+Santos,2/14/2022,2022,4.7,TRUE
DR052,DR052_Mario+Castro,7/8/2021,2019,3.9,TRUE
DR053,DR053_Carmen+Vega,1/19/2023,2023,4.6,TRUE
DR054,DR054_Luis+Romero,9/5/2022,2021,4.2,FALSE
DR055,DR055_Isabel+Molina,4/12/2021,2020,4.5,TRUE
DR056,DR056_Jorge+Ortiz,11/21/2022,2022,3.7,TRUE
DR057,DR057_Marta+Navarro,6/7/2021,2018,4.0,TRUE
DR058,DR058_Pablo+Ramos,3/26/2022,2021,4.3,TRUE
DR059,DR059_Laura+Serrano,8/18/2022,2023,4.8,TRUE
DR060,DR060_Alberto+Marín,12/9/2021,2020,4.1,TRUE
DR061,DR061_Rosa+Iglesias,5/2/2022,2019,4.4,TRUE
DR062,DR062_Fernando+Núñez,10/28/2022,2022,3.9,TRUE
DR063,DR063_Clara+Delgado,2/6/2021,2020,4.6,TRUE
DR064,DR064_Ricardo+Suárez,7/15/2022,2021,4.2,TRUE
DR065,DR065_Alicia+Prieto,9/29/2021,2023,4.7,TRUE
DR066,DR066_Sergio+Blanco,1/13/2022,2019,3.8,FALSE
DR067,DR067_Mónica+Fuentes,6/24/2022,2022,4.5,TRUE
DR068,DR068_Diego+Reyes,11/3/2021,2020,4.0,TRUE
DR069,DR069_Vanessa+Cruz,4/30/2022,2021,4.3,TRUE
DR070,DR070_Andrés+Campos,8/11/2021,2018,3.9,TRUE
DR071,DR071_Natalia+Flores,12/18/2022,2023,4.8,TRUE
DR072,DR072_Manuel+Méndez,3/5/2021,2020,4.2,TRUE
DR073,DR073_Silvia+Guerrero,10/16/2022,2022,4.6,TRUE
DR074,DR074_Héctor+Vidal,5/26/2021,2019,4.1,TRUE
DR075,DR075_Paula+Lorenzo,9/13/2022,2021,4.5,TRUE
DR076,DR076_Raúl+Marquez,2/22/2022,2023,4.4,TRUE
DR077,DR077_Diana+Soler,7/4/2021,2020,3.8,FALSE
DR078,DR078_Gabriel+Pascual,11/12/2022,2022,4.7,TRUE
