City Id,City,Province,Country,Latitude,Longitude
1,Madrid,Madrid,Spain,40.4168,-3.7038
2,Alcalá de Henares,Madrid,Spain,40.4818,-3.3635
3,Barcelona,Catalonia,Spain,41.3784,2.1925
4,Girona,Catalonia,Spain,41.9818,2.8237
5,Tarragona,Catalonia,Spain,41.1189,1.2445
6,Seville,Andalusia,Spain,37.3828,-5.9731
7,Málaga,Andalusia,Spain,36.7213,-4.4214
8,Granada,Andalusia,Spain,37.1773,-3.5986
9,Valencia,Valencia,Spain,39.4699,-0.3763
10,Alicante,Valencia,Spain,38.3452,-0.4815
11,Bilbao,Basque Country,Spain,43.263,-2.935
12,San Sebastián,Basque Country,Spain,43.3183,-1.9812
